id;country;i1;i2;i3;i4;i5;i6;i7;i8;i9;i10;i11;i12;i13;i14;i15;i16;i17;i18;i19;i20;i21;i22;i23;i24;i25;age;sex;mot;anx;val;sec;ple;ae;i1_2;i2_2;i3_2;i4_2;i5_2;i6_2;i7_2;i8_2;i9_2;i10_2;i11_2;i12_2;i13_2;i14_2;i15_2;i16_2;i17_2;i18_2;i19_2;i20_2;i21_2;i22_2;i23_2;i24_2;i25_2;mot_2;anx_2;val_2;sec_2;ple_2;ae_2
F-18-5013;Australia;3;4;2;3;3;3;5;2;3;3;4;4;2;3;4;4;4;3;2;4;2;5;3;3;3;18;0;17;22;16;12;14;63;2;4;1;2;3;2;5;2;3;3;4;4;2;3;5;5;4;1;1;3;1;1;2;1;4;20;18;12;8;10;52
M-22-5082;Australia;4;5;1;3;2;5;5;2;3;2;4;4;2;3;4;5;5;2;2;2;2;4;4;2;3;22;1;16;23;17;11;13;62;4;5;1;2;1;5;5;2;2;2;5;5;1;2;5;5;5;1;1;1;2;5;4;1;2;15;25;17;9;8;54
F-18-5000;Australia;4;3;3;3;4;4;4;2;3;3;3;3;3;3;3;3;3;3;3;3;3;3;3;3;3;18;0;16;16;17;14;15;74;2;4;3;2;3;2;4;2;1;3;4;4;1;3;4;5;4;3;3;2;2;4;3;2;4;19;20;12;12;11;56
F-18-5073;Australia;3;3;3;2;2;2;4;4;2;4;3;4;2;2;5;4;4;3;2;2;1;4;4;1;3;18;0;18;19;11;16;9;59;3;4;3;2;3;2;4;3;1;3;2;4;2;1;4;5;4;3;2;3;2;4;4;2;3;18;20;12;15;8;57
F-19-5089;Australia;5;5;2;4;2;5;5;3;3;4;5;5;2;2;3;1;4;2;1;5;5;5;5;5;3;19;0;13;24;25;14;15;77;1;4;2;3;3;3;3;1;1;3;2;4;1;2;3;3;1;1;5;3;2;3;3;1;5;17;15;11;8;12;59
F-21-5162-1;Australia;4;3;2;3;2;4;3;2;2;2;5;3;2;2;2;2;5;3;4;4;3;3;4;2;2;21;0;10;17;20;13;13;79;4;3;3;2;2;5;3;2;2;2;5;4;2;2;3;3;4;2;3;3;2;4;3;1;5;15;18;19;12;10;68
F-18-5109;Australia;4;2;4;4;2;4;2;4;2;3;4;2;3;2;4;4;2;4;3;3;2;2;4;2;2;18;0;15;10;17;19;13;84;3;2;4;3;3;2;3;4;1;4;4;3;2;2;4;4;4;3;3;4;2;4;3;2;3;18;16;15;16;11;68
F-19-5006-1;Australia;3;5;3;3;3;3;3;3;3;3;2;3;3;3;3;3;3;3;2;3;3;3;4;3;3;19;0;15;17;14;16;14;72;2;4;3;3;3;3;3;3;3;3;3;3;3;3;3;3;5;2;4;3;4;3;3;1;4;16;18;15;14;14;69
F-30-5072;Australia;4;3;2;2;2;2;4;3;2;4;3;3;2;2;3;4;4;3;2;2;3;4;1;2;2;30;0;15;18;14;11;10;62;4;4;2;5;3;5;4;3;4;4;2;2;2;4;4;5;4;2;1;4;2;4;4;1;2;18;18;17;13;15;69
M-19-5038;Australia;2;4;4;1;2;2;2;4;1;4;4;2;4;1;4;5;2;2;1;1;1;2;4;1;5;19;1;20;12;10;18;5;61;2;4;4;2;1;2;2;4;1;2;4;2;4;1;5;5;1;2;1;4;2;2;4;1;4;17;11;14;18;6;70
M-19-5125;Australia;4;2;5;3;2;2;1;4;3;2;4;2;4;3;3;5;2;4;3;3;2;2;4;1;3;19;1;15;9;15;21;13;85;3;2;4;3;2;3;3;3;2;3;3;3;3;2;4;5;2;2;3;3;3;3;3;3;3;17;13;15;15;13;73
F-20-5089;Australia;3;3;4;2;4;4;3;3;1;4;3;3;3;2;5;2;3;4;2;2;3;3;3;3;3;20;0;18;15;15;17;10;69;3;3;3;3;3;4;2;3;1;4;3;2;3;2;3;3;2;4;2;4;2;3;4;1;3;16;12;16;17;9;74
F-18-3418;Australia;4;2;5;4;1;4;3;4;2;2;3;2;4;3;3;3;2;4;3;4;3;2;4;2;4;18;0;13;11;18;21;14;89;2;3;4;4;2;3;3;4;2;2;4;3;4;3;4;5;2;4;2;4;1;2;3;1;4;17;13;14;19;12;75
M-21-5074-1;Australia;5;2;3;4;3;4;3;3;4;3;3;3;3;3;3;3;3;3;4;4;4;2;4;4;2;21;1;14;13;20;16;19;88;1;1;3;4;3;3;3;3;3;3;3;3;3;3;3;3;3;3;3;3;3;3;3;3;3;15;13;13;15;16;76
F-18-5158;Australia;3;2;4;3;2;3;2;3;3;2;3;2;4;3;3;4;2;4;2;2;2;2;5;2;3;18;0;14;10;13;20;13;82;3;3;4;4;2;4;2;2;3;2;3;4;3;2;3;4;2;2;2;2;2;2;4;2;2;13;13;14;15;13;76
F-45-5034;Australia;4;2;4;3;3;4;2;4;2;3;2;2;2;2;3;4;2;2;3;4;2;3;4;3;2;45;0;15;11;16;16;13;79;3;2;4;3;2;3;3;4;2;4;3;2;2;3;3;4;3;3;2;4;2;2;4;2;3;16;12;15;17;12;76
M-18-5112;Australia;4;2;4;3;3;2;2;4;3;3;2;2;3;2;3;4;3;4;3;4;2;2;4;1;3;18;1;16;11;14;19;12;78;3;2;4;3;3;2;2;4;2;2;2;3;3;2;4;5;2;4;2;4;2;2;4;2;2;16;11;13;19;11;76
F-24-5011;Australia;4;3;4;4;2;4;3;3;3;2;4;4;2;4;3;4;3;3;4;3;3;3;4;3;3;24;0;14;16;18;16;18;82;4;4;3;4;2;4;3;2;4;2;4;5;2;4;3;3;4;3;3;4;3;4;4;3;4;14;20;19;14;18;77
F-19-5075;Australia;4;3;4;3;2;4;3;4;3;3;3;2;4;3;3;3;2;4;3;4;3;2;4;3;2;19;0;13;12;18;20;15;88;2;3;4;4;4;4;4;4;3;4;5;2;4;4;5;5;2;3;1;5;2;1;4;2;1;19;12;18;19;14;80
F-19-5023;Australia;4;2;4;3;1;4;2;4;3;2;4;2;3;3;2;3;4;4;3;3;3;2;4;4;2;19;0;10;12;18;19;16;91;4;2;4;3;2;3;2;4;2;4;4;2;4;4;4;5;2;4;2;2;1;2;4;2;2;17;10;14;20;13;80
M-19-5048;Australia;4;2;4;4;2;3;3;4;3;2;2;2;3;4;2;3;3;4;3;5;2;2;5;2;3;19;1;12;12;16;20;16;88;4;3;4;3;2;3;3;3;2;2;3;3;4;3;2;4;4;3;3;4;3;3;4;3;3;13;16;17;18;14;80
F-17-5098;Australia;5;2;4;4;2;5;3;4;3;3;4;2;4;3;2;3;3;4;3;4;4;3;5;3;3;17;0;13;13;22;21;16;93;4;2;3;4;2;4;3;4;2;2;3;2;3;3;4;5;3;3;2;3;3;3;5;2;2;15;13;17;18;13;80
F-19-5081-1;Australia;3;3;4;3;3;3;3;3;3;4;3;3;3;3;4;4;3;4;3;3;3;3;4;3;3;19;0;18;15;15;18;15;75;4;3;4;3;3;3;3;3;3;3;3;2;4;3;4;3;3;3;2;5;3;2;4;2;2;15;13;18;18;13;81
M-20-5114-1;Australia;4;4;3;2;2;4;4;3;2;2;4;4;2;2;3;3;4;4;3;4;3;4;4;2;4;20;1;14;20;19;16;11;72;4;3;4;3;2;3;2;3;2;2;4;2;2;3;2;4;2;4;3;2;4;2;2;2;3;13;11;17;15;13;81
F-19-5107;Australia;5;2;5;4;2;5;5;5;4;2;5;2;4;4;4;4;2;4;3;4;4;2;4;4;2;19;0;14;13;23;22;19;97;3;3;4;4;3;3;2;4;4;4;5;2;3;3;4;4;3;4;2;3;3;2;4;2;2;17;12;17;19;15;82
F-18-5112;Australia;4;1;1;5;1;5;1;5;5;2;5;2;4;4;3;3;2;4;4;4;4;2;4;4;2;18;0;11;8;22;18;22;103;1;2;4;4;3;4;4;3;3;4;4;2;4;4;3;4;3;4;2;4;2;2;5;4;2;16;13;15;20;17;83
F-22-5087-1;Australia;4;4;3;3;2;4;5;4;3;4;4;4;2;2;3;2;5;2;4;3;4;5;4;4;2;22;0;13;23;19;15;16;74;5;3;4;4;2;4;5;3;4;4;3;4;2;2;1;2;4;4;3;5;3;4;5;4;1;10;20;20;18;17;85
F-19-5095-1;Australia;5;3;1;5;1;5;4;4;4;1;5;4;2;4;3;3;4;4;1;2;3;4;3;2;3;19;0;11;19;20;14;16;80;5;2;2;4;2;4;4;4;4;2;5;4;2;4;3;2;4;4;2;4;4;4;4;2;2;11;18;22;16;16;85
F-18-5062;Australia;1;2;5;5;2;3;2;4;4;3;4;2;4;4;3;4;2;4;3;5;4;2;4;4;3;18;0;15;10;17;21;20;93;4;3;4;4;4;4;3;4;2;4;4;3;4;3;3;4;2;5;3;4;4;3;5;1;1;16;14;20;22;13;85
F-20-5021;Australia;4;3;2;3;3;4;4;3;2;3;4;2;2;3;2;3;4;3;2;4;3;4;4;2;4;20;0;15;17;19;14;12;73;3;2;4;4;3;2;2;4;4;2;3;2;4;4;4;5;3;3;3;4;2;2;4;4;2;16;11;14;19;19;85
F-19-5072-1;Australia;4;3;4;3;2;4;4;2;3;2;4;4;2;3;3;3;4;2;3;4;4;4;4;2;3;19;0;13;19;20;14;14;76;4;2;4;3;2;4;2;4;3;2;4;2;3;2;3;4;3;4;3;3;2;2;4;3;2;13;11;17;19;14;86
F-18-5006;Australia;3;2;4;4;2;4;2;4;3;2;4;2;4;4;2;4;2;4;3;3;3;2;4;3;2;18;0;12;10;17;20;17;92;4;2;2;3;2;3;3;4;4;2;4;3;4;3;2;4;2;4;3;3;2;2;4;3;2;12;12;16;18;16;86
F-52-5073;Australia;4;4;4;4;2;4;4;4;4;2;4;2;3;4;2;2;2;4;2;4;2;2;4;2;2;52;0;10;14;18;19;16;89;5;2;3;5;1;3;5;4;5;1;4;4;3;5;4;2;4;2;1;5;5;2;5;1;5;13;17;22;17;17;86
F-18-5085;Australia;4;3;4;4;3;4;3;4;4;3;4;2;3;3;2;4;3;4;3;4;4;2;4;3;2;18;0;14;13;20;19;17;89;4;3;4;3;3;4;2;4;3;2;4;3;4;3;4;4;3;4;3;4;4;2;4;2;2;15;13;20;20;14;86
F-29-5067;Australia;5;3;3;4;4;4;3;4;3;3;2;2;3;4;2;3;2;2;3;4;4;2;5;4;2;29;0;14;12;19;17;18;88;5;3;3;3;2;4;4;4;4;4;4;3;3;3;2;2;3;4;3;4;4;3;4;2;2;12;16;21;18;15;86
F-18-5070;Australia;3;3;4;2;3;3;4;2;2;2;4;3;2;2;4;4;4;3;2;3;2;4;4;2;4;18;0;17;18;15;15;10;65;4;2;4;3;2;3;2;4;3;3;5;2;4;3;4;3;2;3;2;4;2;2;5;3;2;14;10;18;20;14;88
F-19-5013-1;Australia;5;4;2;4;2;4;5;2;1;1;5;4;2;2;4;4;5;2;3;4;2;5;3;2;2;19;0;13;23;20;11;12;67;5;4;2;4;1;4;4;4;4;1;5;2;2;4;1;4;4;2;4;5;2;2;5;1;1;8;16;21;15;17;89
M-18-5046;Australia;4;3;4;4;2;5;3;4;4;2;4;2;4;3;3;4;3;3;4;4;3;3;4;3;3;18;1;14;14;20;19;18;89;4;3;2;4;2;4;4;4;4;2;4;1;3;3;2;4;4;3;4;4;3;2;5;4;2;12;14;19;17;19;89
M-28-5024-1;Australia;4;2;4;4;1;4;3;3;4;2;2;1;3;2;4;3;3;5;3;5;3;3;5;4;3;28;1;13;12;18;20;17;90;4;1;4;4;4;5;1;5;5;3;2;2;4;3;4;3;1;5;2;4;3;1;4;2;5;19;6;18;22;16;91
F-19-5007;Australia;3;2;4;4;2;4;2;4;1;2;3;2;4;3;3;3;4;3;2;5;4;3;4;1;2;19;0;12;13;19;19;11;84;4;2;4;4;2;4;3;4;3;2;3;2;3;4;3;2;2;4;2;4;3;2;4;2;1;10;11;18;19;15;91
F-19-5095;Australia;4;2;3;3;3;4;3;3;3;5;4;3;3;3;2;4;3;3;2;5;3;4;4;2;2;19;0;16;15;20;16;13;78;4;2;4;4;4;4;3;4;4;4;4;2;3;4;2;4;2;3;4;4;4;2;5;5;3;17;11;20;19;21;92
F-20-5084;Australia;5;3;4;3;2;4;4;4;4;2;5;1;4;3;3;2;3;4;2;3;4;2;5;3;2;20;0;11;13;21;21;15;93;4;2;4;4;2;4;2;4;4;4;4;2;4;4;2;2;2;4;3;3;3;3;3;4;2;12;11;18;19;19;93
F-22-528400-1;Australia;1;2;4;1;2;4;3;4;4;2;5;3;4;4;2;2;3;3;4;4;4;2;4;4;3;22;0;11;13;18;19;17;90;4;3;1;5;2;4;2;4;4;3;4;3;4;4;2;3;2;4;4;4;4;2;4;4;2;12;12;20;17;21;94
M-19-5083;Australia;4;3;4;4;2;4;2;4;3;3;4;2;3;3;3;5;2;4;2;4;2;2;2;2;2;19;1;15;11;18;17;14;83;4;2;4;4;3;4;2;4;4;4;4;2;4;4;2;4;2;4;4;4;4;2;4;3;2;15;10;20;20;19;94
M-24-5012-1;Australia;4;3;4;4;4;4;3;4;3;2;5;2;4;4;2;3;2;4;4;4;4;2;4;3;2;24;1;13;12;21;20;18;94;3;2;4;4;3;4;2;4;3;3;4;2;4;4;3;4;3;5;3;5;3;2;5;5;1;14;11;19;22;19;95
F-18-5052;Australia;4;1;5;4;1;4;1;5;5;2;3;2;4;5;2;2;2;5;3;5;3;2;4;3;2;18;0;9;8;19;23;20;105;4;1;5;4;2;4;2;4;3;2;3;2;4;4;2;3;2;4;2;5;3;2;4;2;2;11;9;19;21;15;95
F-18-5210;Australia;3;3;4;4;3;3;3;4;3;3;4;2;4;4;3;4;3;3;2;4;2;2;4;3;3;18;0;16;13;16;19;16;82;5;3;5;5;2;4;2;3;3;2;3;2;3;4;2;3;3;4;3;5;4;2;5;3;2;11;12;21;20;18;96
M-24-5081-1;Australia;3;2;4;5;2;5;2;4;3;2;4;2;3;4;2;3;2;2;3;5;2;2;3;3;2;24;1;11;10;19;16;18;92;4;2;4;4;2;4;2;4;3;2;5;2;4;3;2;3;2;4;4;5;3;2;4;3;2;11;10;21;20;17;97
M-22-5007;Australia;4;2;4;3;3;4;1;5;3;2;4;2;5;4;2;4;1;1;3;4;4;1;3;3;2;22;1;13;7;20;18;16;94;5;2;4;4;2;3;2;4;3;2;3;2;4;3;2;3;2;5;3;5;4;1;4;3;2;11;9;20;21;16;97
F-22-5114;Australia;5;3;5;3;2;5;1;5;3;2;3;2;3;3;2;3;2;4;3;3;3;2;5;3;3;22;0;12;10;19;22;15;94;4;2;5;4;2;4;2;4;4;2;4;2;4;3;2;2;2;4;3;4;4;2;5;3;2;10;10;20;22;17;99
F-19-5091-1;Australia;5;4;2;4;4;4;4;3;2;2;5;2;4;3;4;3;3;4;4;3;3;2;4;3;3;19;0;16;15;20;17;16;82;5;2;4;4;2;4;2;4;3;2;4;2;4;5;3;4;2;5;3;4;4;2;5;4;1;12;10;21;22;19;100
F-17-5092;Australia;5;1;5;4;1;5;1;4;3;2;4;2;2;4;1;3;1;5;4;4;4;1;5;4;2;17;0;9;6;22;21;19;107;4;1;5;5;1;5;1;5;2;5;4;1;4;4;2;5;1;5;3;4;4;1;5;3;2;15;5;21;24;17;102
F-18-5031;Australia;5;2;5;5;1;5;1;4;5;2;4;1;5;5;1;2;1;5;5;5;5;1;5;5;1;18;0;7;6;24;24;25;120;4;2;5;5;5;5;1;5;5;3;5;1;4;5;1;2;1;5;4;5;4;1;5;5;1;12;6;23;24;24;113
F-20-5076-1;Australia;4;2;5;5;3;5;1;5;3;4;5;2;4;4;2;1;1;4;4;5;4;1;5;5;1;20;0;11;7;23;23;21;109;4;2;5;5;4;5;1;5;3;2;5;1;5;4;2;1;1;5;5;5;5;1;5;5;1;10;6;24;25;22;115
F-18-5114;Australia;4;1;5;5;3;4;1;4;4;3;2;1;5;5;2;4;2;5;4;5;4;1;5;2;1;18;0;13;6;19;24;20;104;5;1;5;5;1;5;1;5;5;1;5;1;5;5;1;1;1;5;5;5;4;2;5;5;1;5;6;24;25;25;123
40;Canada;4;4;1;1;3;3;5;4;1;3;3;4;1;1;3;4;5;3;1;1;3;5;4;1;5;20;F;18;23;14;13;5;51;1;5;1;1;3;1;5;1;1;3;1;5;1;1;5;5;5;1;1;1;1;5;1;1;5;21;25;5;5;5;29
31;Canada;4;3;2;4;3;4;4;2;2;2;3;4;1;2;3;2;5;2;3;2;4;4;2;2;4;21;F;14;20;17;9;13;65;2;5;1;1;2;2;5;1;1;3;3;5;1;1;4;4;5;1;1;1;3;5;2;1;5;18;25;11;6;5;39
43;Canada;2;5;1;1;3;1;5;1;1;3;3;2;2;1;5;5;5;1;1;1;1;5;1;1;4;20;F;20;22;8;6;5;37;2;5;1;1;3;1;5;1;1;2;3;4;1;1;5;4;4;1;1;2;2;4;2;1;4;18;22;10;6;5;41
39;Canada;3;3;2;4;3;3;4;2;4;4;3;3;2;2;5;3;5;2;2;3;3;5;4;2;3;20;F;18;20;15;12;14;63;3;5;5;1;3;1;5;1;1;4;3;5;1;1;5;3;5;1;1;3;2;5;2;2;4;19;25;12;10;6;44
85;Canada;2;4;2;2;3;4;5;3;2;4;3;4;2;3;4;4;4;2;2;3;3;5;4;2;3;19;F;18;22;15;13;11;59;2;4;1;2;4;2;5;2;1;4;2;4;1;2;5;4;5;2;1;3;2;5;4;1;3;20;23;11;10;7;45
42;Canada;4;5;1;2;3;3;5;1;2;3;5;5;1;1;5;5;5;5;1;5;2;5;3;1;4;20;F;20;25;19;11;7;52;4;5;1;1;1;3;5;1;1;2;5;5;1;1;5;4;5;1;1;5;1;5;3;1;5;17;25;18;7;5;48
108;Canada;2;5;1;1;2;3;5;3;1;2;3;5;1;1;5;1;5;1;1;1;2;5;4;1;3;19;F;13;25;11;10;5;48;3;5;1;1;3;3;4;3;1;3;3;5;1;1;5;4;4;1;1;1;3;3;4;1;3;18;21;13;10;5;49
25;Canada;1;5;4;1;1;2;5;1;1;4;2;4;1;2;1;5;5;2;1;4;3;5;1;1;3;21;F;14;24;12;9;6;49;1;3;4;1;5;1;5;2;1;5;3;3;2;1;5;5;4;2;1;5;3;4;3;1;1;21;19;13;13;5;51
49;Canada;4;4;2;3;2;4;4;3;3;4;4;3;2;3;4;4;3;3;2;3;4;3;4;2;2;20;F;16;17;19;14;13;73;2;4;2;2;4;2;4;2;2;4;3;4;2;2;4;4;4;2;1;4;2;4;3;1;4;20;20;13;11;8;52
109;Canada;1;5;1;1;3;1;5;1;1;4;4;5;1;1;5;4;5;1;1;1;2;5;1;1;5;19;F;21;25;9;5;5;33;3;4;1;1;3;4;5;1;1;5;4;5;1;1;1;4;5;2;1;4;3;4;3;2;3;16;23;18;8;6;53
44;Canada;1;5;1;1;3;3;5;1;1;4;4;4;2;1;5;5;5;1;1;1;3;5;3;1;5;20;F;22;24;12;8;5;39;3;5;2;1;2;1;5;2;1;3;4;2;2;3;5;4;5;2;1;4;3;4;4;1;5;19;21;15;12;7;54
79;Canada;2;4;3;2;4;3;4;3;2;4;4;4;3;3;4;4;4;2;2;2;2;4;3;2;4;19;M;20;20;13;14;11;58;2;4;2;2;4;2;4;2;2;4;4;4;2;3;5;4;4;2;1;3;2;4;3;2;3;20;20;13;11;10;54
60;Canada;3;5;1;1;3;4;5;2;1;2;4;5;1;1;5;4;5;1;1;1;2;5;3;1;3;20;F;17;25;14;8;5;45;4;4;1;1;3;3;5;3;1;3;4;4;1;1;5;4;5;3;1;5;3;5;4;1;3;18;23;19;12;5;55
41;Canada;4;5;1;2;3;3;5;1;2;3;5;5;1;1;5;5;5;5;1;5;2;5;3;1;4;20;F;20;25;19;11;7;52;3;4;2;2;2;2;4;2;2;2;4;4;2;2;5;4;4;2;1;2;2;4;2;2;4;17;20;13;10;9;55
78;Canada;2;4;3;2;4;3;4;3;2;4;4;4;3;3;4;4;4;2;2;2;2;4;3;2;4;19;M;20;20;13;14;11;58;2;4;2;2;4;2;4;2;2;4;4;4;2;2;5;4;4;3;2;4;2;4;3;2;3;20;20;14;12;10;56
37;Canada;4;4;4;2;3;5;4;4;4;2;3;5;1;1;2;4;2;2;3;4;3;4;5;2;2;21;F;13;19;19;16;12;75;3;4;2;1;2;5;4;3;2;4;4;4;2;2;4;4;5;1;1;3;3;5;3;1;4;18;22;18;11;7;56
80;Canada;3;3;2;3;3;4;4;4;3;3;4;3;3;3;4;4;4;2;2;4;2;3;4;2;3;19;F;17;17;17;15;13;71;2;4;2;2;3;2;4;2;2;4;3;3;2;2;2;4;4;2;2;2;2;2;2;2;3;16;17;11;10;10;58
104;Canada;4;3;3;2;1;4;4;4;4;4;5;4;2;3;3;5;4;2;3;2;5;4;4;2;3;20;F;16;19;20;15;14;74;2;4;3;2;2;2;4;4;2;4;3;4;2;2;4;5;4;3;1;1;4;4;5;1;3;18;20;12;17;8;59
18;Canada;3;5;1;1;3;1;5;4;1;4;3;3;2;1;5;2;5;4;2;2;3;5;5;1;3;21;F;17;23;12;16;6;54;3;5;3;1;4;1;4;3;1;4;2;2;3;3;5;2;4;4;1;4;4;5;4;1;3;18;20;14;17;7;60
116;Canada;2;3;2;4;3;3;5;2;1;4;3;4;2;2;4;5;4;2;1;3;2;4;4;1;3;19;F;19;20;13;12;9;55;4;4;2;3;2;2;4;2;2;4;4;3;2;3;4;5;4;2;1;4;1;4;4;1;2;17;19;15;12;10;61
17;Canada;2;3;3;2;3;2;3;2;3;3;2;3;2;2;2;1;3;3;1;1;2;3;4;2;3;25;M;12;15;9;14;10;66;2;4;3;1;2;3;3;3;2;3;2;3;3;1;3;5;3;3;1;1;2;3;4;2;3;16;16;10;16;7;61
34;Canada;4;4;2;2;2;4;4;3;2;2;4;3;3;2;4;4;5;2;2;3;4;4;3;2;3;21;F;15;20;19;13;10;67;3;3;4;2;3;2;3;3;2;5;2;3;3;2;4;5;3;3;1;3;2;3;3;1;3;20;15;12;16;8;61
47;Canada;5;2;2;2;2;4;5;4;1;5;5;4;4;1;4;5;4;4;2;4;2;4;4;1;5;20;F;21;19;20;18;7;65;2;2;2;2;4;2;3;3;1;4;4;2;2;4;4;4;3;2;2;2;2;3;4;1;4;20;13;12;13;10;62
124;Canada;3;3;2;3;3;3;4;3;2;3;3;2;3;3;4;4;4;4;2;3;2;4;3;2;3;21;F;17;17;14;15;12;67;1;3;2;2;3;3;4;4;3;3;2;2;3;2;4;4;4;3;2;2;2;4;3;2;3;17;17;10;15;11;62
96;Canada;5;5;2;2;2;5;4;2;1;4;4;4;2;2;2;5;5;2;2;4;3;5;4;1;5;19;F;18;23;21;12;8;60;4;4;2;2;2;2;4;4;2;4;4;4;2;2;4;4;4;2;2;4;3;4;4;2;4;18;20;17;14;10;63
27;Canada;2;4;2;2;3;4;3;4;2;4;3;4;2;2;3;4;5;2;1;2;1;4;4;2;3;22;M;17;20;12;14;9;58;4;4;2;2;3;2;4;2;2;2;4;3;2;2;4;3;4;2;2;4;3;5;3;2;2;14;20;17;11;10;64
24;Canada;5;4;1;1;1;3;5;1;1;1;3;5;1;1;5;5;5;3;1;5;3;5;4;1;5;21;F;17;24;19;10;5;53;4;4;1;2;1;4;4;2;2;2;4;3;1;1;5;2;5;1;1;5;5;5;4;1;2;12;21;22;9;7;65
56;Canada;1;4;2;2;3;2;4;2;2;4;2;4;2;3;4;2;3;2;3;3;2;5;3;2;4;20;F;17;20;10;11;12;56;2;3;3;2;3;2;2;4;1;4;2;4;3;4;4;4;4;2;2;4;2;4;4;2;2;17;17;12;16;11;65
81;Canada;3;3;2;3;3;4;4;4;3;3;4;3;3;3;4;4;4;2;2;4;2;3;4;2;3;19;F;17;17;17;15;13;71;3;4;3;2;2;3;3;3;3;4;4;3;2;2;4;4;4;3;2;3;3;4;3;2;3;17;18;16;14;11;66
114;Canada;3;3;2;3;3;4;4;4;4;4;3;3;2;3;3;4;3;3;2;3;2;3;3;1;3;19;F;17;16;15;14;13;69;2;3;2;3;2;2;3;3;2;4;3;2;3;3;4;4;3;3;2;3;2;3;4;2;3;17;14;12;15;12;68
51;Canada;3;3;4;3;3;3;3;3;2;2;3;3;3;3;3;3;2;4;1;4;3;3;4;1;3;20;F;14;14;16;18;10;76;2;4;2;2;3;2;3;3;2;4;3;3;3;3;3;3;3;4;2;2;3;3;4;3;3;16;16;12;16;12;68
7;Canada;2;4;3;2;2;2;5;4;3;5;2;4;2;2;4;4;3;3;3;2;2;3;3;2;5;27;M;20;19;10;15;12;58;2;2;2;3;2;2;2;3;2;3;3;3;3;2;3;5;3;3;3;3;3;3;4;1;4;17;13;13;15;11;69
61;Canada;3;3;2;3;3;3;3;3;2;2;4;3;3;3;4;4;4;2;2;2;2;3;4;2;3;20;F;16;16;14;14;12;68;3;3;3;2;3;2;4;3;2;2;4;3;2;3;4;4;3;3;2;4;2;3;4;2;3;16;16;15;15;11;69
107;Canada;3;3;3;3;2;2;4;4;3;5;5;3;4;4;5;5;2;4;1;4;3;4;5;1;4;19;M;21;16;17;20;12;72;2;3;3;3;2;3;4;3;2;2;3;3;3;3;4;5;3;3;2;3;2;3;5;2;3;16;16;13;17;12;70
1;Canada;4;4;2;2;3;4;4;3;2;3;3;3;2;2;2;3;5;3;2;4;2;4;3;1;3;;F;14;20;17;13;9;65;3;4;3;2;3;3;4;3;2;3;3;3;3;2;3;3;3;3;3;4;3;3;4;2;3;15;17;16;16;11;71
58;Canada;5;2;2;4;4;4;5;3;2;2;4;2;1;2;5;2;5;2;2;5;2;4;4;2;2;20;F;15;18;20;12;12;71;4;5;4;3;4;3;5;3;4;2;5;4;3;2;5;2;5;3;3;5;2;5;5;2;3;16;24;19;18;14;71
12;Canada;2;3;2;2;2;4;4;4;3;4;3;3;2;2;3;4;4;3;1;2;1;3;3;1;2;24;M;15;17;12;14;9;63;2;2;4;2;4;2;2;4;4;4;4;2;4;2;4;5;2;4;2;2;2;2;4;1;4;21;10;12;20;11;72
97;Canada;4;3;2;4;3;3;4;4;2;2;4;2;2;4;4;2;4;3;2;4;4;4;5;2;4;19;F;15;17;19;16;14;77;4;3;2;3;2;2;4;2;2;3;4;2;3;3;5;3;3;4;2;4;3;3;4;2;4;17;15;17;15;12;72
36;Canada;3;4;1;2;3;1;4;2;1;3;4;5;1;1;5;5;4;2;1;1;1;5;5;1;5;25;F;21;22;10;11;6;44;4;2;1;2;2;3;3;3;3;5;2;2;2;1;1;3;2;2;3;1;4;3;5;4;4;15;12;14;13;13;73
98;Canada;5;5;2;2;1;3;5;4;2;3;5;4;1;1;5;3;5;1;1;2;5;5;5;2;2;19;F;14;24;20;13;8;63;4;4;4;4;2;4;4;4;2;2;4;4;1;4;4;4;4;2;2;4;2;4;4;2;2;14;20;18;15;14;73
67;Canada;4;4;2;2;1;2;4;2;1;5;4;2;2;2;2;3;5;3;3;4;3;5;3;2;3;20;F;14;20;17;12;10;65;4;4;3;3;2;3;4;3;2;3;4;4;2;3;3;3;4;3;2;5;4;3;3;3;2;13;19;20;14;13;75
111;Canada;4;5;4;2;3;5;4;3;2;3;4;3;2;2;4;2;4;2;3;3;3;4;3;2;3;19;F;15;20;19;14;11;69;4;4;3;3;3;3;4;4;3;4;3;2;3;4;4;3;3;3;2;5;3;3;4;2;4;18;16;18;17;14;75
86;Canada;3;3;3;2;3;3;4;4;2;3;2;3;3;2;4;4;4;3;2;3;2;4;2;2;3;19;M;17;18;13;15;10;63;4;4;4;2;3;2;4;4;2;4;5;2;2;4;3;4;4;4;3;4;2;2;3;2;1;15;16;17;17;13;76
88;Canada;2;3;3;1;2;3;3;3;2;4;4;3;3;2;4;4;3;3;2;4;2;3;3;2;3;19;M;17;15;15;15;9;67;2;2;4;3;3;2;3;3;2;4;3;2;4;3;4;4;2;4;2;4;2;2;4;2;2;17;11;13;19;12;76
48;Canada;5;2;5;5;1;5;2;5;5;3;3;1;5;4;2;3;2;5;3;4;4;1;3;3;2;21;F;11;8;21;23;20;105;5;3;4;2;2;4;3;3;2;4;4;2;2;3;3;4;3;3;3;3;4;3;1;3;3;16;14;20;13;13;76
35;Canada;4;4;2;3;3;4;3;3;3;2;3;4;2;3;3;3;3;2;3;3;3;3;3;2;3;21;M;14;17;17;12;14;72;5;4;3;4;2;4;3;3;3;5;3;2;3;3;3;3;3;2;3;3;3;3;3;3;3;16;15;18;14;16;77
28;Canada;3;5;1;2;3;2;4;2;3;3;3;5;1;1;5;5;5;2;1;3;3;5;4;1;3;21;F;19;24;14;10;8;49;4;4;2;4;2;4;2;4;2;2;4;2;3;3;3;4;2;3;2;4;1;4;4;1;2;13;14;17;16;12;78
57;Canada;4;4;2;4;2;4;5;3;4;3;4;4;2;3;4;4;4;2;2;3;2;4;3;2;3;20;M;16;21;17;12;15;67;3;3;3;3;2;3;4;4;3;4;4;2;3;4;4;4;3;4;2;5;2;3;4;2;2;16;15;17;18;14;78
19;Canada;4;4;2;2;1;4;4;2;1;2;4;4;4;2;4;2;5;3;3;1;4;4;4;2;3;21;F;12;21;17;15;10;69;5;4;4;4;4;1;2;4;1;1;4;4;3;3;4;4;3;3;4;4;4;4;4;4;4;17;17;18;18;16;78
22;Canada;2;3;3;3;2;4;2;4;3;2;1;3;4;3;4;4;4;3;1;4;2;2;5;2;2;21;F;14;14;13;19;12;76;2;3;3;3;1;3;4;4;3;1;1;3;4;2;3;4;3;4;1;4;3;2;5;2;2;11;15;13;20;11;78
106;Canada;5;4;3;1;2;3;5;2;1;4;5;4;2;3;3;5;2;3;4;2;3;5;3;1;5;20;F;19;20;18;13;10;62;5;2;2;3;2;3;4;3;4;3;4;2;4;3;3;5;4;3;3;3;5;3;3;2;3;16;15;20;15;15;79
101;Canada;5;3;2;3;2;5;5;4;4;2;3;3;2;4;3;3;5;3;3;4;4;4;5;3;2;20;F;12;20;21;16;17;82;3;4;2;4;2;4;4;4;4;2;4;3;2;4;4;3;4;3;2;5;3;4;4;2;1;12;19;19;15;16;79
15;Canada;4;3;2;2;2;3;5;2;1;2;5;2;2;2;4;3;5;2;2;2;4;5;4;1;4;21;F;15;20;18;12;8;63;4;3;4;2;2;4;3;4;2;1;5;2;3;3;4;4;4;3;2;4;4;4;4;1;2;13;16;21;18;10;80
99;Canada;3;4;3;2;3;3;4;3;2;4;3;2;2;3;4;4;4;3;2;4;2;4;4;2;3;19;F;18;18;15;15;11;65;2;2;4;3;2;4;2;4;2;4;2;2;4;3;3;4;3;4;2;4;2;3;4;3;2;15;12;14;20;13;80
123;Canada;2;2;4;3;3;3;4;4;1;4;3;2;4;2;5;5;3;3;1;2;1;4;5;1;2;19;F;19;15;11;20;8;65;4;3;4;3;3;3;2;4;4;4;4;2;3;4;5;4;4;3;2;3;2;3;5;3;1;17;14;16;19;16;80
89;Canada;3;3;2;4;2;5;4;4;2;3;5;2;3;3;3;4;4;2;3;5;4;4;5;3;3;18;F;15;17;22;16;15;81;2;2;4;4;2;3;4;4;2;3;4;3;3;4;3;4;4;3;3;5;3;4;5;2;2;14;17;17;19;15;80
21;Canada;3;4;1;2;3;2;5;2;2;4;4;5;2;2;5;4;5;1;1;2;2;5;3;1;2;21;F;18;24;13;9;8;48;4;4;4;4;2;4;2;2;4;2;4;2;2;4;4;4;2;2;1;5;3;4;4;2;2;14;14;20;14;15;81
113;Canada;4;3;3;4;2;5;4;4;2;3;4;2;3;3;3;4;4;2;2;4;1;3;5;2;1;19;F;13;16;18;17;13;79;3;3;3;4;3;4;4;4;4;2;5;2;2;3;3;5;4;2;3;5;3;2;4;3;2;15;15;20;15;17;82
46;Canada;5;2;2;2;2;4;5;4;1;5;5;4;4;1;4;5;4;4;2;4;2;4;4;1;5;20;F;21;19;20;18;7;65;4;1;4;2;2;2;2;5;1;2;5;2;2;2;2;4;4;3;2;4;4;2;4;2;2;12;11;19;18;9;83
110;Canada;4;5;2;2;2;4;5;2;4;2;5;4;2;2;3;3;5;2;4;3;4;4;3;2;2;19;F;12;23;20;11;14;70;4;3;3;3;2;4;3;3;3;2;4;3;3;3;2;3;4;3;3;4;4;3;4;3;2;11;16;20;16;15;84
4;Canada;4;2;3;3;1;3;3;4;2;2;4;2;3;2;4;3;4;3;4;3;3;3;5;1;2;22;M;12;14;17;18;12;81;4;2;4;3;2;3;2;4;2;2;4;2;3;3;3;3;2;4;3;3;3;4;5;2;4;14;12;17;20;13;84
119;Canada;4;4;3;3;2;4;3;3;3;2;4;2;3;3;3;4;3;4;3;4;3;3;4;2;2;20;M;13;15;19;17;14;82;4;4;4;3;2;4;4;4;3;2;3;2;4;4;3;3;4;4;3;4;3;3;4;2;2;12;17;18;20;15;84
32;Canada;4;3;4;3;1;5;5;5;4;1;4;4;2;4;5;4;5;4;3;4;4;4;4;4;2;21;F;13;21;21;19;18;84;5;4;3;3;2;5;4;4;3;1;5;3;2;4;2;3;4;3;1;5;4;4;4;2;2;10;19;24;16;13;84
8;Canada;4;3;4;3;2;4;4;4;3;2;5;3;4;4;3;3;3;3;4;4;4;3;4;3;2;23;F;12;16;21;19;17;89;4;3;2;4;2;4;3;4;3;1;4;3;2;4;2;3;4;2;3;4;3;4;4;4;2;10;17;19;14;18;84
38;Canada;5;3;4;4;1;5;3;5;3;3;5;1;4;4;1;5;1;5;1;5;5;3;5;4;1;21;F;11;11;25;23;16;102;5;5;5;5;5;4;2;4;2;4;5;2;4;4;5;5;5;5;5;5;2;2;2;4;2;21;16;21;20;20;84
103;Canada;5;3;3;2;3;3;4;2;2;4;4;3;2;2;3;2;3;3;2;3;4;3;4;2;2;19;F;14;16;19;14;10;73;3;2;4;3;2;4;5;4;3;2;4;3;5;3;3;3;2;3;2;4;3;2;4;2;2;12;14;18;20;13;85
117;Canada;4;4;2;4;2;5;4;3;4;1;4;4;2;4;3;3;4;2;3;5;3;4;4;2;2;20;M;11;20;21;13;17;80;4;4;3;5;2;5;4;3;4;1;4;2;2;4;3;4;4;3;3;5;3;4;5;2;2;12;18;21;16;18;85
63;Canada;4;3;2;3;2;4;3;3;3;3;4;3;2;4;4;4;3;3;3;3;2;2;2;3;2;21;F;15;14;17;12;16;76;4;2;3;3;2;4;3;2;3;3;4;2;3;4;3;3;2;4;3;4;3;2;2;4;2;13;11;19;14;17;86
91;Canada;4;4;2;2;2;2;4;3;1;3;4;4;2;1;4;3;4;2;2;3;3;5;2;1;5;19;F;17;21;16;11;7;56;4;2;4;3;2;2;1;4;2;2;4;2;4;4;3;3;4;4;4;4;3;3;4;3;2;12;12;17;20;16;89
94;Canada;4;3;3;3;2;5;3;3;2;1;5;2;3;3;3;3;4;3;2;4;3;4;4;2;3;19;F;12;16;21;16;12;81;4;2;4;3;2;3;2;4;3;2;5;2;3;3;3;3;2;4;3;4;1;2;4;3;2;12;10;17;19;15;89
95;Canada;3;3;3;3;2;4;5;3;3;2;4;4;3;2;4;4;4;3;3;2;3;4;3;2;2;19;F;14;20;16;15;13;70;4;2;4;4;2;4;2;4;2;2;4;2;3;4;2;5;2;4;2;5;3;2;4;3;2;13;10;20;19;15;91
70;Canada;5;3;4;3;2;5;2;3;4;2;4;3;4;4;2;3;2;4;3;4;4;2;4;4;2;19;F;11;12;22;19;18;96;4;2;5;3;2;4;2;4;4;3;4;2;4;4;3;4;2;5;3;3;4;2;4;3;5;17;10;19;22;17;91
87;Canada;1;4;2;1;4;4;5;2;3;3;2;4;2;2;5;5;5;2;1;2;1;4;2;2;3;20;F;20;22;10;10;9;47;2;2;4;4;2;4;2;4;3;2;4;2;4;4;3;4;2;4;3;5;2;2;4;4;2;13;10;17;20;18;92
11;Canada;5;3;2;2;1;5;5;3;3;1;5;3;3;2;3;4;4;2;2;4;4;4;4;2;3;22;F;12;19;23;14;11;77;4;3;4;3;1;4;2;3;3;1;5;2;3;4;4;4;2;4;2;4;4;2;4;4;2;12;11;21;18;16;92
45;Canada;3;3;4;3;2;4;2;4;3;2;4;2;3;3;2;4;2;4;3;4;3;2;4;3;2;20;F;12;11;18;19;15;89;3;2;4;4;2;3;1;4;2;3;4;2;4;4;3;3;2;4;3;4;2;2;5;4;2;13;9;16;21;17;92
62;Canada;4;2;4;2;1;3;4;4;1;1;5;2;2;3;4;5;2;3;1;4;3;3;4;1;4;20;F;15;13;19;17;8;76;5;2;4;3;1;3;2;4;2;2;5;2;4;4;2;4;2;4;2;5;3;2;5;2;2;11;10;21;21;13;94
59;Canada;4;2;3;3;2;4;3;4;2;2;3;2;3;3;4;3;2;3;2;4;3;3;4;2;2;21;F;13;12;18;17;12;82;4;2;4;4;2;4;3;4;4;3;3;2;4;4;2;3;2;4;3;5;3;2;4;3;2;12;11;19;20;18;94
121;Canada;2;2;4;3;3;4;2;4;1;3;3;2;4;4;3;5;2;4;2;4;4;2;4;2;3;19;F;17;10;17;20;12;82;4;2;4;4;3;4;1;4;4;3;4;2;4;4;3;4;2;4;3;4;4;2;4;3;2;15;9;20;20;18;94
26;Canada;3;4;2;2;3;3;4;3;3;3;2;4;3;2;4;4;4;2;2;4;2;4;3;2;3;21;F;17;20;14;13;11;61;3;3;4;4;2;4;2;5;4;3;3;2;4;4;3;2;2;4;2;5;3;2;5;4;2;12;11;18;22;18;95
53;Canada;4;2;5;4;2;5;4;5;2;3;5;1;3;4;1;3;2;4;5;4;5;2;4;4;2;21;F;11;11;23;21;19;101;4;2;4;4;2;4;2;4;3;3;4;2;4;4;2;4;2;4;4;4;4;2;4;4;2;13;10;20;20;19;96
93;Canada;4;4;2;2;2;2;4;3;1;4;4;4;4;3;2;4;4;2;2;2;3;4;4;1;3;20;F;15;20;15;15;9;64;4;2;4;4;1;3;2;4;3;2;4;2;4;5;3;4;2;5;4;4;4;2;5;2;2;12;10;19;22;18;97
65;Canada;4;3;4;2;2;4;4;4;2;2;4;3;3;3;4;5;4;3;2;3;3;3;4;2;4;21;F;17;17;18;18;11;73;5;1;4;3;2;4;2;4;3;1;5;2;5;4;3;4;2;4;2;4;4;2;5;2;2;12;9;22;22;14;97
66;Canada;4;3;4;2;2;4;4;4;2;2;4;3;3;3;4;5;4;3;2;3;3;3;4;2;4;21;F;17;17;18;18;11;73;4;2;5;4;2;4;2;4;3;2;5;2;4;4;3;4;2;4;3;4;4;3;5;4;2;13;11;21;22;18;97
84;Canada;3;3;4;4;2;4;3;3;3;2;3;2;3;4;3;4;3;3;2;4;1;3;5;2;2;19;F;13;14;15;18;15;81;3;1;5;4;1;3;1;5;4;3;3;1;4;4;3;4;2;4;3;4;3;2;5;3;2;13;7;16;23;18;97
71;Canada;4;3;2;4;2;4;4;3;3;2;4;3;4;4;2;4;3;3;3;4;2;2;4;3;2;19;F;12;15;18;16;17;84;4;2;4;4;2;4;2;4;4;2;4;2;4;4;2;4;2;4;3;4;4;2;4;4;2;12;10;20;20;19;97
72;Canada;4;3;2;4;2;4;4;3;3;2;4;3;4;4;2;4;3;3;3;4;2;2;4;3;2;19;F;12;15;18;16;17;84;4;2;4;4;2;4;2;4;4;2;4;2;4;4;2;4;2;4;3;4;4;2;4;4;2;12;10;20;20;19;97
55;Canada;4;2;5;5;2;4;2;4;4;2;3;3;3;5;2;4;3;3;3;4;3;3;4;3;1;20;F;11;13;18;19;20;93;3;3;4;5;1;5;2;4;4;4;4;2;4;5;2;4;3;4;4;5;3;2;4;4;1;12;12;20;20;22;98
74;Canada;4;3;4;3;2;4;3;3;3;2;3;2;3;3;3;3;1;3;3;3;3;2;5;5;1;20;F;11;11;17;18;17;90;5;2;2;4;1;5;3;4;3;3;4;2;3;3;4;3;2;4;5;5;4;1;5;5;1;12;10;23;18;20;99
5;Canada;4;2;3;3;2;4;2;4;4;3;4;2;3;4;2;4;2;3;2;4;4;2;4;4;3;23;F;14;10;20;17;17;90;3;1;4;4;2;4;1;4;4;2;4;1;3;4;2;4;1;4;3;4;4;1;5;4;2;12;5;19;20;19;101
90;Canada;5;2;4;3;1;5;4;4;4;2;5;3;3;4;2;3;2;4;5;5;3;4;4;2;2;19;F;10;15;23;19;18;95;5;1;4;4;2;4;2;4;4;4;5;2;3;4;2;2;2;4;5;4;5;2;5;3;2;12;9;23;20;20;102
112;Canada;2;3;2;3;4;4;4;3;2;4;3;2;3;4;2;4;3;2;2;3;3;2;3;2;2;19;M;16;14;15;13;13;71;4;1;5;4;3;4;1;4;4;3;3;1;4;5;2;3;1;5;3;5;3;1;5;4;2;13;5;19;23;20;104
23;Canada;4;2;4;4;2;4;2;4;3;2;4;3;2;4;2;2;3;4;2;4;4;4;5;3;2;21;F;10;14;20;19;16;91;5;2;4;4;2;4;2;4;4;2;5;2;4;4;2;2;2;4;4;4;5;2;5;4;2;10;10;23;21;20;104
83;Canada;5;3;4;3;2;4;3;4;3;3;4;2;3;3;2;4;3;4;4;3;4;3;4;3;2;19;M;13;14;20;19;16;88;5;2;4;4;1;4;1;5;4;2;5;2;4;4;2;3;1;5;5;4;4;1;5;4;2;10;7;22;23;21;109
52;Canada;4;2;4;4;2;5;1;4;3;1;5;2;4;4;1;3;1;4;4;4;5;1;4;5;2;20;M;9;7;23;20;20;107;5;1;5;5;1;5;1;4;4;1;5;2;4;4;1;2;1;5;5;5;4;1;5;4;1;6;6;24;23;22;117
252;Canada;2;3;4;2;2;2;4;4;2;4;4;2;4;3;5;4;4;3;1;2;4;3;5;1;4;19;F;19;16;14;20;9;68;1;4;2;2;4;1;5;2;1;5;2;4;2;3;5;5;5;2;1;2;2;4;3;1;4;23;22;8;11;8;42
273;Canada;3;5;1;1;2;2;5;1;1;2;4;5;1;1;5;5;5;1;1;5;3;5;1;1;3;20;F;17;25;17;5;5;45;3;5;1;1;2;2;5;1;1;3;3;4;1;1;5;5;5;2;1;4;2;5;2;1;4;19;24;14;7;5;43
276;Canada;2;3;4;3;2;1;1;2;2;5;2;4;3;2;5;5;4;3;1;3;1;3;4;1;5;20;F;22;15;9;16;9;57;1;2;3;1;5;1;3;3;1;5;1;3;3;1;5;5;3;1;1;1;1;3;3;1;5;25;14;5;13;5;44
257;Canada;3;3;2;3;3;2;4;3;3;3;3;3;2;2;5;5;5;3;2;3;3;4;4;1;3;19;F;19;19;14;14;11;61;2;4;2;2;4;1;5;1;1;3;3;5;1;2;5;5;5;2;1;5;3;5;3;1;4;21;24;14;9;7;45
203;Canada;5;4;2;1;1;4;5;3;4;2;4;2;1;1;4;4;5;2;2;4;3;5;4;1;2;22;F;13;21;20;12;9;67;2;5;1;1;2;2;5;4;1;2;3;5;1;4;5;5;5;1;1;5;1;5;4;1;3;17;25;13;11;8;50
201;Canada;4;3;3;2;2;4;3;3;2;3;4;3;2;2;4;3;4;3;1;4;2;4;3;2;3;28;F;15;17;18;14;9;69;3;5;2;2;3;2;4;2;2;4;2;4;2;2;5;4;4;2;1;3;1;4;3;1;3;19;21;11;11;8;50
259;Canada;3;5;1;1;3;1;5;3;1;3;3;5;1;1;5;5;5;1;1;1;4;5;2;1;3;20;F;19;25;12;8;5;41;2;3;2;2;3;1;3;4;1;4;1;5;1;2;5;5;3;3;1;1;2;3;4;1;3;20;17;7;14;7;51
206;Canada;1;3;1;3;5;1;5;1;1;5;1;5;1;1;5;5;5;1;1;1;1;5;5;1;2;23;F;22;23;5;9;7;36;1;2;2;4;4;2;4;3;3;4;2;4;2;2;5;5;5;1;1;5;1;5;5;1;2;20;20;11;13;11;55
209;Canada;3;4;2;2;3;3;4;3;2;4;2;4;1;2;4;4;4;3;2;4;3;4;4;4;3;22;F;18;20;15;13;12;62;2;4;3;2;3;1;4;2;2;4;3;3;3;3;3;5;4;2;1;2;2;4;4;1;3;18;19;10;14;9;56
204;Canada;5;4;2;1;1;4;5;3;4;2;4;2;1;1;4;4;5;2;2;4;3;5;4;1;2;22;F;13;21;20;12;9;67;1;4;1;2;2;2;5;4;2;4;4;4;1;3;5;4;4;2;1;4;2;4;4;1;2;17;21;13;12;9;56
271;Canada;1;5;1;1;3;3;4;1;2;5;4;5;1;1;5;5;5;1;1;3;2;5;2;1;3;19;F;21;24;13;6;6;40;2;3;3;2;2;2;4;3;2;4;2;4;2;2;5;4;4;2;1;4;2;4;3;2;3;18;19;12;13;9;57
219;Canada;3;5;1;1;3;1;5;1;5;3;1;5;1;1;5;5;1;1;2;2;1;5;1;1;5;21;F;21;21;8;5;10;41;3;5;2;2;3;2;4;3;2;4;4;3;2;2;4;2;5;2;1;4;3;5;2;1;3;16;22;16;11;8;57
234;Canada;3;4;3;2;3;3;4;3;2;3;3;4;3;3;4;4;4;2;2;3;3;4;4;2;3;20;M;17;20;15;15;11;64;3;4;2;2;3;2;4;2;2;3;3;4;2;2;4;3;4;2;1;2;3;4;3;2;3;16;20;13;11;9;57
279;Canada;3;3;2;1;3;2;3;4;1;4;3;3;2;2;4;4;4;3;2;1;3;3;3;1;3;22;F;18;16;12;14;7;59;2;3;2;2;3;2;3;2;2;3;2;3;2;2;4;4;4;2;2;2;3;4;2;3;3;17;17;11;10;11;58
272;Canada;3;5;1;2;3;3;5;2;1;4;4;4;2;2;4;4;5;2;1;4;3;4;3;1;2;20;F;17;23;17;10;7;54;2;4;2;4;2;2;4;2;2;2;2;3;2;2;4;4;4;2;1;5;1;4;4;1;4;16;19;12;12;10;59
218;Canada;4;5;2;2;3;5;4;3;3;4;4;5;3;3;4;5;5;2;2;4;3;5;4;2;2;21;F;18;24;20;14;12;64;2;4;2;3;3;4;5;3;2;4;3;5;3;4;5;4;5;2;1;4;3;5;5;1;1;17;24;16;15;11;61
269;Canada;2;4;2;3;2;2;5;3;2;2;3;3;2;2;4;3;4;3;2;3;3;4;3;3;2;19;F;13;20;13;13;12;65;1;5;2;1;3;3;5;3;3;2;3;4;5;3;5;3;4;2;2;4;2;5;4;2;2;15;23;13;16;11;62
230;Canada;4;4;4;3;2;4;2;4;3;2;4;2;2;3;3;4;4;4;3;2;3;4;2;2;2;21;M;13;16;17;16;14;78;3;4;2;2;2;3;4;2;2;4;4;3;2;2;4;4;4;3;2;2;3;4;4;2;3;17;19;15;13;10;62
250;Canada;4;5;2;1;2;4;5;2;2;2;2;4;2;2;4;3;5;1;1;1;3;5;5;1;2;20;F;13;24;14;12;7;56;3;3;3;3;3;1;5;1;2;3;3;3;3;3;5;1;5;1;1;4;3;3;3;3;3;15;19;14;11;12;63
275;Canada;4;4;4;2;1;5;4;1;2;1;5;3;4;2;3;4;2;3;3;4;5;2;1;1;5;19;M;14;15;23;13;10;77;3;4;2;2;2;4;4;3;2;2;4;4;3;2;5;3;3;3;1;4;2;3;2;2;4;16;18;17;13;9;65
210;Canada;3;4;2;2;3;3;4;3;2;4;2;4;1;2;4;4;4;3;2;4;3;4;4;4;3;22;F;18;20;15;13;12;62;2;4;3;2;2;2;4;3;2;4;4;4;3;3;4;4;4;3;2;4;3;4;4;2;2;16;20;15;16;11;66
266;Canada;2;3;2;2;4;4;4;4;2;5;3;5;4;2;5;5;4;4;1;4;2;4;4;1;3;19;F;22;20;15;18;8;59;4;3;4;2;3;4;4;4;1;2;4;2;2;1;5;5;4;4;1;4;2;4;4;2;2;17;17;18;18;7;69
226;Canada;4;3;2;2;3;2;4;3;2;5;3;3;2;2;5;4;4;2;2;2;3;4;3;1;4;21;F;21;18;14;12;9;56;4;4;3;3;4;1;3;4;2;4;4;3;3;3;4;3;3;3;2;2;3;3;4;2;2;17;16;14;17;12;70
265;Canada;4;5;1;2;2;4;5;1;2;2;4;4;1;1;4;4;5;1;1;2;3;5;2;1;4;20;F;16;24;17;6;7;50;4;3;2;2;2;4;3;3;2;2;4;3;2;2;4;3;4;3;2;4;3;4;4;2;3;14;17;19;14;10;72
242;Canada;3;1;1;3;3;3;3;2;3;3;3;3;2;4;5;3;3;2;2;3;1;4;1;1;1;21;F;15;14;13;8;13;65;2;5;3;5;4;5;3;4;4;3;4;4;1;4;4;5;5;3;2;4;3;3;4;4;4;20;20;18;15;19;72
282;Canada;3;1;1;1;4;1;5;1;1;5;3;5;1;1;5;5;5;1;1;1;1;5;3;1;4;19;F;23;21;9;7;5;37;3;2;3;2;3;1;3;3;1;2;3;3;3;4;4;3;3;3;2;5;2;3;5;2;2;14;14;14;17;11;74
253;Canada;4;2;3;3;3;3;2;4;2;4;3;2;3;2;3;3;2;2;2;2;3;2;2;2;2;20;F;15;10;15;14;11;75;3;3;3;3;3;2;2;4;1;4;4;3;4;2;3;4;2;4;3;3;2;2;3;3;3;17;12;14;18;12;75
202;Canada;3;2;3;3;3;3;2;3;3;3;4;3;3;3;3;4;3;3;3;3;3;3;4;3;3;25;M;16;13;16;16;15;78;2;2;3;3;3;4;2;3;3;3;3;3;2;3;4;3;2;3;2;3;3;3;4;2;3;16;12;15;15;13;75
246;Canada;3;3;3;3;2;4;3;3;3;2;4;3;3;3;3;3;3;3;3;3;3;3;3;3;3;22;M;13;15;17;15;15;79;3;3;3;3;3;3;3;3;3;3;3;3;3;3;3;3;3;3;3;3;3;3;3;3;3;15;15;15;15;15;75
216;Canada;3;3;3;3;3;3;3;3;3;3;3;3;3;3;3;3;3;3;3;3;2;4;4;2;4;22;F;16;16;14;16;14;72;2;2;3;4;2;4;2;4;1;2;4;2;4;3;4;5;3;4;2;2;2;2;2;1;2;15;11;14;17;11;76
247;Canada;4;3;4;3;2;2;3;4;2;4;4;3;3;2;5;4;4;3;1;2;4;2;4;1;2;25;F;17;15;16;18;9;71;4;3;3;3;2;4;3;4;2;4;4;2;3;1;3;3;4;4;2;4;4;4;4;2;3;15;16;20;18;10;77
270;Canada;4;2;2;3;3;2;3;4;2;2;4;2;3;3;4;4;2;3;3;4;2;2;4;2;3;21;F;16;11;16;16;13;78;4;3;3;3;2;3;4;4;3;3;4;2;3;2;4;4;3;2;2;4;4;3;4;3;3;16;15;19;16;13;77
268;Canada;4;3;4;4;2;4;3;4;3;2;4;2;3;4;2;2;3;3;4;3;4;3;4;3;2;20;F;10;14;19;18;18;91;4;4;3;4;1;2;4;3;3;2;4;2;2;3;4;2;2;4;2;3;2;3;3;3;2;11;15;15;15;15;79
208;Canada;3;3;3;3;2;3;3;3;3;3;3;3;3;3;3;3;3;3;3;3;3;3;3;2;3;23;F;14;15;15;15;14;75;3;2;2;3;3;3;2;4;3;4;3;2;3;3;3;3;2;2;3;3;3;2;4;4;3;16;10;15;15;16;80
243;Canada;3;2;3;2;3;2;2;4;2;4;4;4;2;3;4;2;3;4;3;4;4;2;4;2;2;21;F;15;13;17;17;12;78;3;2;2;3;3;2;4;4;3;3;4;4;2;4;3;2;4;4;3;4;4;4;4;4;1;12;18;17;16;17;80
277;Canada;3;2;4;3;3;2;3;4;3;3;4;2;3;3;2;4;2;3;3;3;3;3;4;3;2;18;M;14;12;15;18;15;82;4;3;4;3;3;3;3;4;3;3;4;3;3;4;3;4;3;3;3;3;3;3;4;2;2;15;15;17;18;15;80
245;Canada;1;1;1;1;1;1;1;1;1;1;1;3;1;1;3;1;1;1;1;1;1;5;1;1;5;21;M;11;11;5;5;5;53;5;4;3;2;2;3;3;3;3;3;3;4;3;5;4;3;3;3;3;3;5;2;4;4;3;15;16;19;16;17;81
224;Canada;3;3;2;3;3;3;5;2;1;2;4;4;3;2;4;3;4;2;3;3;3;5;4;2;3;21;F;15;21;16;13;11;64;4;2;3;3;2;2;3;4;1;2;4;3;3;3;3;3;3;4;2;3;3;3;4;4;2;12;14;16;18;13;81
278;Canada;5;3;2;3;3;5;4;3;4;2;4;4;2;2;3;4;4;3;2;3;5;4;3;3;4;20;F;16;19;22;13;14;74;4;3;4;2;2;4;2;4;2;3;5;3;3;3;5;3;3;2;3;5;3;3;4;2;2;15;14;21;17;12;81
254;Canada;3;4;2;2;1;3;5;2;3;4;4;4;2;3;3;3;4;3;3;2;5;4;4;3;2;20;F;13;21;17;13;14;70;4;3;3;3;3;4;3;5;3;3;3;3;3;2;2;2;3;3;2;2;4;2;4;3;2;12;14;17;18;13;82
212;Canada;1;4;2;1;5;1;2;4;1;5;3;1;4;2;5;5;3;1;1;3;2;4;4;1;5;23;F;25;14;10;15;6;52;2;1;4;4;5;4;1;4;2;4;4;1;3;4;5;4;2;4;1;5;2;2;5;1;1;19;7;17;20;12;83
244;Canada;1;1;1;1;1;1;1;1;1;1;1;3;1;1;3;1;1;1;1;1;1;5;1;1;5;21;M;11;11;5;5;5;53;5;5;5;5;5;5;5;5;5;5;5;5;5;5;5;5;5;5;5;5;5;5;5;5;5;25;25;25;25;25;85
249;Canada;3;3;3;3;2;4;3;3;3;3;4;3;3;3;3;3;2;2;3;3;3;3;2;3;3;19;M;14;14;17;13;15;77;4;3;4;3;2;4;3;3;3;2;4;3;3;3;2;3;3;3;4;3;3;2;3;4;2;11;14;18;16;17;86
222;Canada;3;2;2;4;3;4;2;4;3;2;3;2;3;4;4;4;3;4;2;5;2;2;5;4;2;21;F;15;11;17;18;17;86;2;2;4;4;2;3;2;3;4;4;4;3;4;3;4;4;2;4;2;5;2;2;5;4;2;16;11;16;20;17;86
262;Canada;2;4;2;1;2;1;4;3;1;1;3;2;2;2;4;4;4;2;1;2;1;5;3;1;4;20;M;15;19;9;12;6;53;2;2;4;4;2;3;2;4;4;4;3;2;4;4;2;4;2;4;2;3;2;2;4;4;2;14;10;13;20;18;87
274;Canada;5;3;1;2;1;4;4;3;1;1;5;5;4;2;1;5;4;4;3;1;4;4;4;1;3;19;F;11;20;19;16;9;73;4;1;4;3;1;4;4;4;3;2;4;3;3;4;4;3;3;5;2;5;2;3;4;1;1;11;14;19;20;13;87
280;Canada;4;3;4;3;2;4;4;2;4;2;3;4;2;3;3;4;4;4;2;4;2;4;4;2;2;20;F;13;19;17;16;14;75;5;4;2;4;2;5;4;4;5;2;4;4;2;4;2;4;4;2;2;5;5;4;5;5;2;12;20;24;15;20;87
281;Canada;4;2;3;3;2;4;2;4;2;3;3;2;3;3;3;3;2;3;3;4;3;2;3;2;3;21;M;14;10;18;16;13;83;3;2;4;4;2;4;2;4;3;3;4;2;3;4;2;4;3;4;2;4;2;2;3;3;2;13;11;17;18;16;87
267;Canada;4;4;4;2;2;3;4;4;2;2;4;4;2;2;4;4;4;4;2;4;3;4;4;1;4;19;F;16;20;18;18;9;69;3;2;4;4;2;3;2;4;3;2;4;2;4;4;3;4;2;4;2;4;2;2;5;3;2;13;10;16;21;16;90
283;Canada;4;4;3;2;2;5;4;3;2;2;3;4;3;2;5;5;4;4;2;4;4;4;5;2;5;18;F;19;20;20;18;10;69;4;3;4;4;4;4;2;4;3;3;4;2;4;4;2;4;3;4;3;5;4;2;5;2;3;16;12;21;21;16;90
260;Canada;4;2;4;3;1;4;1;4;2;1;4;2;4;3;3;3;1;4;2;5;2;2;5;2;3;20;F;11;8;19;21;12;93;4;2;4;4;2;4;2;4;2;2;4;2;4;4;3;4;2;4;3;4;2;2;4;3;3;14;10;18;20;16;90
211;Canada;4;3;4;3;2;3;4;4;3;2;4;3;4;3;2;4;3;3;2;3;4;3;4;2;4;23;M;14;16;18;19;13;80;4;2;4;3;1;3;2;4;3;2;3;2;4;4;2;4;2;4;3;3;4;2;5;3;3;12;10;17;21;16;92
237;Canada;4;2;2;3;2;4;2;4;3;2;3;2;4;3;3;3;2;4;4;4;3;2;4;2;2;21;M;12;10;18;18;15;89;3;2;4;4;2;4;2;4;3;3;4;2;4;4;2;3;2;4;3;4;2;2;4;3;2;12;10;17;20;17;92
258;Canada;4;3;4;3;2;5;4;4;4;2;4;4;3;4;2;4;5;2;3;4;3;2;5;1;1;19;F;11;18;20;18;15;84;4;2;5;3;1;4;2;5;3;2;4;3;4;3;2;3;4;4;2;4;2;1;5;2;1;9;12;18;23;13;93
261;Canada;2;4;2;1;2;1;4;3;1;1;3;2;2;2;4;4;4;2;1;2;1;5;3;1;4;20;M;15;19;9;12;6;53;4;2;4;4;2;4;2;4;4;2;4;2;4;4;2;4;2;4;3;4;3;2;4;4;4;14;10;19;20;19;94
214;Canada;4;3;4;2;3;3;4;3;2;2;3;3;5;4;2;3;3;3;4;4;4;2;4;2;3;22;F;13;15;18;19;14;83;4;2;4;4;4;4;2;4;3;3;4;2;4;4;4;3;2;4;4;5;4;2;4;4;2;16;10;21;20;19;94
228;Canada;5;3;4;3;1;3;3;3;2;1;3;2;4;4;2;3;2;5;3;4;5;1;5;3;1;20;F;8;11;20;21;15;97;5;3;4;3;2;4;2;4;2;4;3;2;4;4;2;3;2;4;4;4;5;2;5;3;2;13;11;21;21;16;94
227;Canada;5;3;4;3;1;3;3;3;2;1;3;2;4;4;2;3;2;5;3;4;5;1;5;3;1;20;F;8;11;20;21;15;97;4;3;4;4;2;4;2;4;4;4;4;2;4;4;2;3;2;4;4;4;4;3;5;3;2;13;12;20;21;19;95
241;Canada;5;3;2;3;1;4;4;2;4;4;5;2;2;4;2;4;4;3;2;4;4;2;4;1;2;20;M;13;15;22;13;14;81;5;2;4;3;1;3;2;4;2;2;5;1;4;3;2;4;2;4;2;4;4;1;5;3;2;11;8;21;21;13;96
264;Canada;4;3;4;4;1;5;4;4;3;3;2;2;3;3;2;3;4;3;1;5;5;5;5;1;2;20;F;11;18;21;19;12;83;4;1;5;3;2;4;2;4;3;2;3;1;3;4;3;3;1;4;3;5;2;2;2;5;1;11;7;18;18;18;96
255;Canada;4;4;2;2;2;5;5;3;1;4;4;3;2;2;2;4;4;4;4;5;4;4;4;1;3;20;F;15;20;22;15;10;72;5;3;4;4;2;5;4;4;4;2;5;3;2;4;2;2;2;4;2;5;4;2;5;4;2;10;14;24;19;18;97
213;Canada;4;3;3;2;2;4;4;2;2;2;3;2;3;2;4;4;3;3;2;4;4;3;5;1;2;22;F;14;15;19;16;9;75;3;2;4;4;2;4;2;4;4;3;4;2;4;4;3;3;2;4;2;5;3;1;5;4;1;12;9;19;21;18;97
229;Canada;3;4;2;1;2;2;4;2;2;2;3;3;2;2;4;4;4;3;2;3;2;4;3;1;4;22;F;16;19;13;12;8;58;5;1;4;4;1;4;2;4;3;1;4;2;3;4;2;3;3;4;2;5;4;2;5;2;1;8;10;22;20;15;99
220;Canada;2;3;4;2;2;4;3;5;3;2;2;2;4;2;3;3;4;3;2;4;2;4;4;4;3;20;F;13;16;14;20;13;78;3;2;4;4;2;5;2;4;3;2;4;2;4;5;1;2;2;4;4;5;3;2;5;4;2;9;10;20;21;20;102
263;Canada;3;3;4;4;2;4;2;4;3;3;3;2;4;4;3;3;3;3;3;4;2;3;4;3;3;19;F;14;13;16;19;17;85;3;2;4;5;3;5;1;4;5;3;3;2;4;5;2;3;2;4;4;5;3;2;4;5;1;12;9;19;20;24;102
221;Canada;2;3;4;3;3;4;4;4;3;4;4;2;4;4;4;4;4;2;2;4;1;3;4;3;1;20;F;16;16;15;18;15;76;3;1;4;4;1;5;1;4;5;2;5;1;5;4;3;4;1;4;2;5;3;1;5;4;1;11;5;21;22;19;106
FJMG-1-pizza;Spain;5;4;3;2;3;3;4;2;2;2;4;4;2;2;3;3;3;2;2;1;3;3;5;2;3;19;0;14;18;16;14;10;68;1;5;1;1;5;1;5;1;1;5;1;5;1;1;5;5;5;1;5;1;1;5;1;1;5;25;25;5;5;9;29
FJMG-1-pizza;Spain;5;4;3;2;3;3;4;2;2;2;4;4;2;2;3;3;3;2;2;1;3;3;5;2;3;19;0;14;18;16;14;10;68;1;5;1;1;5;1;5;1;1;5;1;5;1;1;5;5;5;1;5;1;1;5;1;1;5;25;25;5;5;9;29
ASI-8-pizza;Spain;2;5;2;1;2;1;5;1;1;2;4;3;3;1;5;3;4;3;1;1;2;4;3;1;3;19;0;15;21;10;12;5;51;2;5;1;1;4;1;5;1;1;4;4;4;1;1;1;5;4;1;1;4;2;4;2;1;5;19;22;13;6;5;43
SCL-29-pizza;Spain;1;1;1;1;2;1;5;1;1;1;2;4;1;1;4;3;5;1;1;1;1;5;2;1;5;18;0;15;20;6;6;5;42;2;5;1;1;2;1;5;1;1;4;3;1;2;1;5;4;5;1;1;4;3;5;3;1;5;20;21;13;8;5;45
FSS- 19- Ternera;Spain;3;4;2;3;3;2;5;2;1;4;3;4;3;3;5;2;3;3;1;3;1;4;5;1;3;20;0;17;20;12;15;9;59;1;3;1;1;1;1;5;1;1;5;4;3;3;1;5;5;3;1;1;3;1;3;3;1;5;21;17;10;9;5;46
TMP-8-arrozalacubana;Spain;4;2;2;2;1;3;4;3;2;1;5;2;3;2;3;4;3;3;2;4;2;3;4;1;3;19;0;12;14;18;15;9;76;1;4;2;1;4;1;4;1;1;4;1;1;2;1;5;5;2;4;1;3;1;3;4;1;5;23;14;7;13;5;48
rj060315;Spain;3;2;4;2;3;3;2;4;1;4;4;2;4;3;3;4;2;4;2;3;2;2;5;2;3;18;0;17;10;15;21;10;79;2;4;2;1;1;2;4;2;1;2;3;4;3;2;2;5;4;1;1;1;1;4;3;1;4;14;20;9;11;6;52
IGG-3-SUSHI;Spain;4;4;2;1;3;2;3;2;1;3;4;1;3;2;4;5;1;4;1;1;1;3;5;1;5;24;1;20;12;12;16;6;62;3;5;2;1;1;2;4;2;1;3;4;4;2;1;5;4;3;2;1;2;3;4;5;1;3;16;20;14;13;5;56
PHC-23-macarrones;Spain;4;2;2;2;2;2;4;1;2;3;4;4;2;1;4;3;4;2;2;3;3;4;2;2;3;18;0;15;18;16;9;9;61;4;3;2;1;2;2;4;2;1;5;4;4;2;1;5;4;3;2;2;3;2;3;4;1;3;19;17;15;12;6;57
JMM-5-pasta;Spain;4;3;2;1;3;4;4;4;3;3;4;3;3;2;3;4;3;3;3;5;4;3;4;2;3;19;0;16;16;21;16;11;76;2;3;2;2;2;3;4;2;1;3;4;3;3;2;4;4;3;2;1;4;2;3;3;2;3;16;16;15;12;8;63
LSO-1-lechuga;Spain;2;2;3;1;2;3;2;4;2;3;4;2;4;2;5;5;3;4;3;3;2;2;3;2;3;19;1;18;11;14;18;10;73;2;2;4;1;3;2;4;3;1;3;4;2;4;2;4;5;2;2;1;2;1;3;4;1;3;18;13;11;17;6;63
RPD-29-espaguetis;Spain;3;4;1;1;3;2;5;1;2;3;2;5;1;1;5;5;5;2;1;1;2;5;5;1;3;20;0;19;24;10;10;6;43;3;3;1;1;1;3;4;1;1;3;3;2;2;2;3;3;3;2;2;2;3;2;3;2;3;13;14;14;9;8;64
SGM-19-croqueta;Spain;3;4;2;2;1;2;5;4;1;2;4;4;2;2;4;5;4;3;2;4;3;4;3;1;3;21;0;15;21;16;14;8;62;4;5;3;2;2;3;4;2;1;2;4;4;3;2;4;4;3;3;2;3;3;3;3;1;2;14;19;17;14;8;66
IRMP-3-hamburguesa;Spain;4;3;2;3;1;5;3;3;4;2;5;4;2;3;5;4;4;2;3;5;5;4;5;4;1;20;0;13;18;24;14;17;84;5;4;2;1;3;5;4;1;3;4;5;4;2;1;4;4;5;1;4;5;4;5;3;3;2;17;22;24;9;12;66
AP2011997PIZZA;Spain;3;4;1;2;1;3;5;1;1;1;4;4;1;2;2;3;4;4;2;4;4;4;2;2;1;22;0;8;21;18;9;9;67;3;3;5;3;1;2;5;2;1;3;5;3;2;2;4;3;5;2;1;5;4;4;2;1;3;14;20;19;13;8;66
JGI-28-fideua;Spain;4;2;3;3;2;3;3;4;2;4;2;3;3;1;4;4;3;3;2;2;3;3;4;2;3;18;1;17;14;14;17;10;70;2;2;3;2;2;3;4;4;1;3;3;3;2;2;1;5;3;4;2;3;2;2;3;1;4;15;14;13;16;8;68
JMN-21-pizza;Spain;2;3;1;2;2;2;4;1;1;3;5;3;2;2;3;2;4;2;1;2;4;4;3;2;3;19;0;13;18;15;9;8;61;4;2;2;1;1;2;4;1;1;3;5;2;3;2;3;3;4;3;1;4;3;4;4;1;3;13;16;18;13;6;68
JAB-2-costra;Spain;3;5;4;1;1;4;5;3;4;1;5;4;3;2;4;5;4;3;1;5;4;4;5;2;3;26;0;14;22;21;18;10;73;3;5;3;1;1;3;4;1;2;1;5;4;1;2;4;3;4;4;3;4;3;3;3;5;5;14;20;18;12;13;69
JVB-23-patatas;Spain;4;3;4;2;1;2;1;4;1;2;3;1;3;2;3;5;1;4;1;5;1;1;5;1;2;20;0;13;7;15;20;7;82;4;1;4;1;1;1;1;1;1;2;3;1;1;1;4;4;1;1;1;4;1;1;5;1;5;16;5;13;12;5;69
RERH-17-spagetty;Spain;4;2;3;3;1;3;1;4;2;1;4;2;4;4;3;3;2;3;2;4;3;2;5;2;3;19;0;11;9;18;19;13;90;4;4;2;3;1;2;4;3;1;1;3;2;2;2;1;4;4;2;1;5;3;4;4;2;3;10;18;17;13;9;71
AEA-10-Espaguetis;Spain;3;5;1;1;3;3;4;1;1;3;4;4;2;1;4;3;4;2;3;4;3;3;4;2;3;19;0;16;20;17;10;8;59;3;2;4;2;1;3;2;3;1;2;5;3;1;2;3;3;4;2;1;4;3;4;4;2;3;12;15;18;14;8;73
FRS-4-pizza;Spain;3;1;2;2;1;2;2;2;1;2;3;1;2;2;2;2;1;3;2;3;2;1;3;2;1;21;0;8;6;13;12;9;80;2;2;4;3;2;2;2;3;3;4;4;3;2;3;3;4;2;2;1;4;2;2;3;3;3;16;11;14;14;13;74
MPA-14-pizza;Spain;3;4;2;2;2;3;4;2;1;3;4;2;2;2;4;2;4;2;2;3;2;4;3;1;2;19;0;13;18;15;11;8;63;3;2;2;2;3;4;4;3;1;3;4;3;3;3;1;4;2;4;3;4;3;3;3;1;3;14;14;18;15;10;75
FNS-2-paella;Spain;3;3;2;2;2;3;4;2;2;3;3;3;2;2;2;3;2;2;2;3;2;3;3;3;2;0;1;12;15;14;11;11;69;4;3;3;2;2;4;5;3;3;3;5;3;3;2;4;3;4;2;3;4;3;2;4;3;2;14;17;20;15;13;77
JSS-26-habichuelas;Spain;5;3;3;3;1;4;3;4;3;2;5;3;3;3;2;2;2;3;4;3;3;2;4;3;3;19;0;10;13;20;17;16;90;3;4;3;3;4;4;3;3;3;3;4;3;3;3;3;3;2;3;2;4;3;2;4;3;3;16;14;18;16;14;78
AFC-20-97;Spain;3;2;2;3;3;3;4;3;2;4;4;3;3;3;4;4;3;3;2;4;2;3;4;2;3;21;0;18;15;16;15;12;70;3;1;3;2;2;2;2;3;2;2;3;2;3;3;2;3;2;3;2;3;2;2;3;2;2;11;9;13;15;11;79
AFC-20-97;Spain;3;2;2;3;3;3;4;3;2;4;4;3;3;3;4;4;3;3;2;4;2;3;4;2;3;21;0;18;15;16;15;12;70;3;1;3;2;2;2;2;3;2;2;3;2;3;3;2;3;2;3;2;3;2;2;3;2;2;11;9;13;15;11;79
JFMV-14- arroz a la cubana;Spain;5;2;2;2;1;3;2;5;3;1;1;1;5;2;3;3;2;2;2;3;4;1;5;2;3;19;1;11;8;16;19;11;87;5;3;4;2;3;3;5;2;3;1;5;2;3;3;3;4;2;4;2;4;3;2;5;2;4;15;14;20;18;12;81
JPM-21-tortilla;Spain;3;4;2;2;3;3;5;1;2;3;3;3;2;1;3;5;5;2;2;1;2;4;3;1;4;21;0;18;21;12;10;8;51;3;2;4;3;2;3;2;4;4;4;2;2;3;3;2;3;2;4;2;4;2;2;5;2;3;14;10;14;20;14;84
JJ-18-entrecot;Spain;4;3;3;2;2;4;4;4;2;3;4;3;3;3;3;4;3;3;3;4;4;4;5;4;3;20;1;15;17;20;18;14;80;4;2;3;3;3;4;2;4;2;1;4;2;3;3;3;4;3;4;2;4;3;3;5;3;3;14;12;19;19;13;85
MSS-14-tiramisu;Spain;4;3;3;2;1;3;3;3;1;1;4;3;3;2;3;3;3;3;3;3;3;3;4;2;3;20;0;11;15;17;16;10;77;5;3;3;2;3;4;2;3;2;1;4;2;3;3;3;3;3;3;3;4;4;3;4;4;3;13;13;21;16;14;85
IGM-21-migas;Spain;5;2;4;1;2;3;4;4;2;2;4;2;3;2;3;3;2;4;2;4;4;2;5;4;4;26;1;14;12;20;20;11;85;4;2;3;2;2;4;3;4;2;3;3;2;4;3;2;5;2;4;4;3;4;2;5;3;3;15;11;18;20;14;86
AFF-28-pasta;Spain;2;4;3;3;3;4;3;2;3;3;4;3;2;3;3;3;1;3;3;5;3;3;5;4;1;19;0;13;14;18;15;16;82;5;4;4;4;3;5;3;3;4;3;4;3;2;3;2;2;3;3;2;5;4;3;5;4;1;11;16;23;17;17;90
MGG-11-arroz;Spain;4;3;3;2;3;4;3;4;2;2;5;2;3;3;3;4;3;4;2;4;2;3;4;2;2;23;0;14;14;19;18;11;80;4;2;4;3;1;4;2;4;1;2;5;2;4;3;3;3;2;4;3;4;3;2;4;3;2;11;10;20;20;13;92
JPV-16-solomillo;Spain;5;3;3;1;2;3;2;3;1;3;3;3;3;1;4;4;4;3;2;5;2;2;4;3;5;22;0;18;14;18;16;8;70;5;2;5;2;2;3;2;5;2;1;5;1;4;2;2;2;2;3;2;5;4;2;5;3;2;9;9;22;22;11;97
AJS-4-espaguetis;Spain;4;2;4;3;3;3;1;4;2;3;5;1;5;3;3;3;2;4;3;5;3;2;5;3;2;19;1;14;8;20;22;14;94;4;1;4;3;2;3;1;5;3;2;3;1;4;3;3;3;1;4;3;5;3;1;5;3;2;12;5;18;22;15;98
EAR-11-Sushi;Spain;4;3;2;2;3;5;3;4;4;2;5;2;2;2;4;2;4;2;1;5;3;2;5;3;3;22;0;14;14;22;15;12;81;4;1;4;4;3;4;2;4;3;2;5;2;4;4;3;3;2;4;3;5;4;1;5;3;1;12;8;22;21;17;100
